,alpha,beta,gamma,xi,lambda
G_1,4.091,-5.554,6.49,0.0002,2.857
G_2,2.543,-6.047,5.638,0.0005,3.333
G_3,4.258,-5.094,4.586,0.000001,8
G_4,5.426,-3.55,3.38,0.002,2
G_5,4.258,-5.094,4.586,0.000001,8
G_6,6.131,-5.555,5.151,0.00001,6.667
